basin_id,NSE,KGE,RMSE,Corr,FHV,FLV,source_file
1022500,0.0146917104721069,-0.0561070512012433,2.256581544876098,0.3793678879737854,-80.68535614013672,70.8037338256836,metric_streamflow.csv
1031500,-0.0572817325592041,-0.2214261800486605,3.161510467529297,0.39317387342453,-92.0952606201172,111.70063018798828,metric_streamflow.csv
1047000,-0.0407872200012207,-0.1748685488746193,3.3502979278564453,0.4777570962905884,-91.47144317626952,94.40296173095705,metric_streamflow.csv
1052500,-0.0005190372467041,-0.1397614920680989,3.711205720901489,0.4754394292831421,-89.92440032958984,107.38843536376952,metric_streamflow.csv
1054200,-0.0311472415924072,-0.2570026862348185,5.488567352294922,0.3541157245635986,-93.73995971679688,120.06541442871094,metric_streamflow.csv
1055000,-0.0232396125793457,-0.2107811742740102,4.259542942047119,0.4380058646202087,-93.0788116455078,132.3888702392578,metric_streamflow.csv
1057000,-0.0182918310165405,-0.2009360436166136,2.7260584831237797,0.3250264227390289,-90.42916870117188,131.32708740234375,metric_streamflow.csv
1073000,0.0038157105445861,-0.1670025651625548,2.563041925430298,0.3003602921962738,-86.3066635131836,134.41831970214844,metric_streamflow.csv
1078000,-0.017717957496643,-0.1808095957156164,2.46816635131836,0.3384113907814026,-89.09076690673828,114.96389770507812,metric_streamflow.csv
1123000,0.0472486019134521,-0.0488099778364155,2.160611391067505,0.4362040162086487,-83.78632354736328,99.95199584960938,metric_streamflow.csv
1134500,-0.0046496391296386,-0.1579027277055369,2.8670825958251958,0.3876401484012604,-89.4283447265625,114.13468933105467,metric_streamflow.csv
1137500,0.0209527015686035,-0.1079542113209417,3.130927562713623,0.4552860260009765,-88.14884185791016,91.93529510498048,metric_streamflow.csv
1139000,-0.0186713933944702,-0.1389496741884479,1.9698635339736936,0.3874596655368805,-86.54154205322266,95.03070068359376,metric_streamflow.csv
1139800,0.023415207862854,-0.0524027372200839,1.917812943458557,0.518067479133606,-82.97509002685547,101.63267517089844,metric_streamflow.csv
1142500,0.0096461176872253,-0.1338369386239666,2.1249170303344727,0.3777376413345337,-87.35165405273438,112.8714599609375,metric_streamflow.csv
1144000,0.0371487140655517,-0.1036043460984221,2.170830249786377,0.3791950941085815,-86.28646087646484,120.4719696044922,metric_streamflow.csv
1162500,0.0124042630195617,-0.1052359375542353,2.2641725540161133,0.3345880508422851,-83.49301147460938,181.8580322265625,metric_streamflow.csv
1169000,0.0540648698806762,-0.0869322311186475,2.9144649505615234,0.4027374982833862,-87.3177490234375,194.6604766845703,metric_streamflow.csv
1170100,0.0587464570999145,-0.0792157459595979,2.7631924152374268,0.4037938416004181,-86.46978759765625,211.0297698974609,metric_streamflow.csv
1181000,0.0116854310035705,-0.1422618885860882,3.008625268936157,0.3200693726539612,-87.25086212158203,127.08985900878906,metric_streamflow.csv
1187300,-0.0161676406860351,-0.2144884975237386,3.5268988609313965,0.2486255317926406,-88.83455657958984,104.29464721679688,metric_streamflow.csv
1195100,0.0598606467247009,-0.0350035721682606,2.3446133136749268,0.3576750159263611,-80.32130432128906,112.44801330566406,metric_streamflow.csv
1333000,0.0869287848472595,-0.0293539877904263,2.039236307144165,0.3345422148704529,-79.23370361328125,179.88975524902344,metric_streamflow.csv
1350000,0.0175351500511169,-0.1996567669931912,3.749000310897827,0.2437364608049392,-89.75199890136719,288.36358642578125,metric_streamflow.csv
1350080,0.0035833716392517,-0.212398091247032,2.6516058444976807,0.2318164855241775,-88.77815246582031,297.6139831542969,metric_streamflow.csv
1350140,0.0096621513366699,-0.1895816615043462,2.557176113128662,0.2056789994239807,-86.67339324951172,354.1636657714844,metric_streamflow.csv
1365000,0.0514628887176513,-0.09443120178182,3.2869551181793213,0.3410302996635437,-85.33233642578125,142.60772705078125,metric_streamflow.csv
1411300,0.0204091668128967,-0.0823648812528838,1.2984639406204224,0.3370493352413177,-79.46300506591797,34.016815185546875,metric_streamflow.csv
1413500,0.0325741171836853,-0.1392404917929495,2.8508572578430176,0.2794382870197296,-86.0350112915039,217.57542419433597,metric_streamflow.csv
1414500,0.0421584248542785,-0.1210258569620121,3.115771532058716,0.313513696193695,-86.13192749023438,192.5654754638672,metric_streamflow.csv
1415000,0.0465672016143798,-0.1002184704727515,2.395789623260498,0.3027395904064178,-83.82254028320312,208.65042114257807,metric_streamflow.csv
1423000,0.0473324656486511,-0.101020981699442,2.437795877456665,0.2824209928512573,-83.20077514648438,239.1693878173828,metric_streamflow.csv
1434025,0.0147543549537658,-0.1532947826670998,4.22705078125,0.3649963140487671,-89.6490478515625,144.1090545654297,metric_streamflow.csv
1435000,0.0339269638061523,-0.1396991023488829,4.27284574508667,0.3335289359092712,-88.38880920410156,125.3886947631836,metric_streamflow.csv
1439500,0.1013231873512268,0.0271230427917038,2.077371597290039,0.3506276607513428,-75.65830993652344,175.1151123046875,metric_streamflow.csv
1440000,0.0574210882186889,-0.0490134849094126,2.0934598445892334,0.3410518765449524,-80.74368286132812,128.77847290039062,metric_streamflow.csv
1440400,0.0796217918395996,-0.0349338327189379,2.4582290649414062,0.3323412537574768,-80.60194396972656,153.5057830810547,metric_streamflow.csv
1451800,0.0498660206794738,-0.1005342606177908,2.6655781269073486,0.3458769917488098,-86.22750854492188,110.97903442382812,metric_streamflow.csv
1466500,0.0285464525222778,-0.0948616655990188,0.5282736420631409,0.2480121403932571,-69.3994369506836,29.45006561279297,metric_streamflow.csv
1484100,0.0686874985694885,-0.0637696654402391,1.2019755840301514,0.339773416519165,-81.49974822998047,72.84362030029297,metric_streamflow.csv
1487000,0.1116952896118164,-0.0020232359576279,1.1502455472946167,0.3735939860343933,-74.68970489501953,112.6677017211914,metric_streamflow.csv
1491000,0.046578049659729,-0.1216811699457345,2.0510528087615967,0.2918844521045685,-85.017333984375,145.45619201660156,metric_streamflow.csv
1510000,0.0339617729187011,-0.098672490712885,2.521047115325928,0.2636304199695587,-82.93281555175781,163.71774291992188,metric_streamflow.csv
1516500,-0.019116997718811,-0.3396968486573766,2.7872602939605717,0.1453638076782226,-91.97840881347656,189.10899353027344,metric_streamflow.csv
1518862,-0.0210638046264648,-0.2747096101085771,2.4902989864349365,0.1968059837818145,-89.91278076171875,219.042724609375,metric_streamflow.csv
1532000,-0.0011423826217651,-0.2735842155890149,3.36810040473938,0.1719927787780761,-89.78782653808594,147.6610107421875,metric_streamflow.csv
1539000,0.041691243648529,-0.0918844944080063,2.501831531524658,0.275310069322586,-83.05815124511719,118.32599639892578,metric_streamflow.csv
1542810,-0.031984806060791,-0.2643242769041298,3.020613193511963,0.2306246161460876,-90.34546661376952,199.43038940429688,metric_streamflow.csv
1543000,-0.0123422145843505,-0.1815028730302919,2.540191650390625,0.2441319078207016,-85.90666198730469,173.6455078125,metric_streamflow.csv
1543500,-0.0094997882843017,-0.1482824990870763,2.3125486373901367,0.2460103034973144,-83.18050384521484,163.39356994628906,metric_streamflow.csv
1544500,-0.0108395814895629,-0.2039478782363832,2.7264907360076904,0.2190394550561905,-87.08317565917969,190.77389526367188,metric_streamflow.csv
1545600,-0.0252430438995361,-0.2070341521076899,2.435674905776977,0.228709191083908,-86.17527770996094,148.49554443359375,metric_streamflow.csv
1547700,-0.0233899354934692,-0.2368258975030077,2.5160961151123047,0.2618773281574249,-89.42530059814453,143.23257446289062,metric_streamflow.csv
1548500,-0.0110986232757568,-0.1912657962148871,2.2477171421051025,0.2390288710594177,-86.48673248291016,163.3125,metric_streamflow.csv
1549500,-0.0184825658798217,-0.2479327565620908,3.001614570617676,0.2025946676731109,-89.23097229003906,139.78431701660156,metric_streamflow.csv
1550000,-0.0046865940093994,-0.2141846657299215,3.0825650691986084,0.2340717911720276,-88.34461212158203,136.60870361328125,metric_streamflow.csv
1552000,0.0187833905220031,-0.147096973000699,2.7727930545806885,0.2490037679672241,-85.53811645507812,133.5123748779297,metric_streamflow.csv
1552500,0.0185052156448364,-0.1638934212927252,3.4051342010498047,0.2170102596282959,-85.82179260253906,130.3057861328125,metric_streamflow.csv
1557500,-0.0039553642272949,-0.1516385001209772,2.325492143630981,0.2625808715820312,-84.29444122314453,116.93444061279295,metric_streamflow.csv
1567500,6.818771362304688e-05,-0.2267917798273215,2.638757705688477,0.2710612714290619,-91.4774398803711,96.72591400146484,metric_streamflow.csv
1568000,-0.0032025575637817,-0.2018915656822231,2.6172351837158203,0.296146810054779,-89.84284973144531,109.1842041015625,metric_streamflow.csv
1580000,0.0175067782402038,-0.1349479725492706,1.5578498840332031,0.3329967558383941,-84.2904281616211,54.670894622802734,metric_streamflow.csv
1583500,-0.0118746757507324,-0.1555606191470526,1.3384917974472046,0.2913622856140136,-83.60411071777344,32.90692901611328,metric_streamflow.csv
1586610,-0.0162198543548584,-0.1955026965068287,1.8043564558029173,0.2689830064773559,-86.75440216064453,41.01677703857422,metric_streamflow.csv
1591400,0.0138295888900756,-0.2016825453108386,1.971282958984375,0.2490603625774383,-89.03085327148438,66.85648345947266,metric_streamflow.csv
1594950,0.0063442587852478,-0.1531450607464339,2.795579433441162,0.321794331073761,-85.18463897705078,641.72265625,metric_streamflow.csv
1596500,-0.0176293849945068,-0.2077095575252296,2.710442304611206,0.2801007032394409,-87.6285400390625,217.77340698242188,metric_streamflow.csv
1605500,0.0096470117568969,-0.2030254721300788,1.9600025415420528,0.3021784424781799,-90.36736297607422,124.39685821533205,metric_streamflow.csv
1606500,-0.0022982358932495,-0.1977781070583877,2.2482056617736816,0.3307195007801056,-89.57106018066406,168.37384033203125,metric_streamflow.csv
1632000,-0.0235630273818969,-0.3747893390060606,3.124824285507202,0.2202422320842743,-94.75946044921876,388.5740661621094,metric_streamflow.csv
1632900,-0.0297324657440185,-0.2864740659384015,1.8927372694015503,0.2724373638629913,-92.88579559326172,79.60102844238281,metric_streamflow.csv
1634500,-0.0145834684371948,-0.2890651563426978,2.5637028217315674,0.2573208808898926,-92.70600128173828,119.59754180908205,metric_streamflow.csv
1638480,0.0004014372825622,-0.2441665534850912,2.3135323524475098,0.3029806017875671,-91.4450912475586,207.3872985839844,metric_streamflow.csv
1639500,-0.0036431550979614,-0.1872515953478077,1.9828509092330933,0.3080836832523346,-88.80703735351562,44.45845031738281,metric_streamflow.csv
1644000,-0.0049848556518554,-0.2056202364564567,1.9654542207717896,0.3449728190898895,-89.77597045898438,219.6582794189453,metric_streamflow.csv
1664000,-0.0182820558547973,-0.2180265913835184,2.1406524181365967,0.2897701263427734,-89.1508560180664,109.15740966796876,metric_streamflow.csv
1666500,-0.0280690193176269,-0.3018725016020989,2.965095043182373,0.2177712321281433,-91.93628692626952,45.21323013305664,metric_streamflow.csv
1667500,-0.0293258428573608,-0.2990692625955269,2.7753806114196777,0.2171971052885055,-91.00320434570312,51.1171760559082,metric_streamflow.csv
1669000,0.0457632541656494,-0.0413620443145541,1.1484084129333496,0.3312259316444397,-77.98562622070312,71.63285827636719,metric_streamflow.csv
1669520,0.0297996997833251,-0.1152839720164478,1.811823010444641,0.2536889910697937,-80.00015258789062,155.7802276611328,metric_streamflow.csv
2011400,0.0012595653533935,-0.1875915829601908,1.8326629400253296,0.3506477475166321,-90.33439636230467,129.89727783203125,metric_streamflow.csv
2013000,-0.0197560787200927,-0.2629225423017807,2.2568552494049072,0.3123162090778351,-92.3549346923828,101.52399444580078,metric_streamflow.csv
2014000,-0.0128216743469238,-0.1982331841331917,1.8827781677246092,0.3355641365051269,-89.61837768554688,108.07272338867188,metric_streamflow.csv
2015700,0.0156764984130859,-0.1831172338559852,2.4870352745056152,0.3162420988082886,-90.185791015625,95.64704895019533,metric_streamflow.csv
2016000,0.0014334917068481,-0.2039131179400317,2.2673933506011963,0.3267984688282013,-91.20833587646484,113.6897201538086,metric_streamflow.csv
2017500,-0.0556970834732055,-0.2288356567206928,2.1429648399353027,0.3490505218505859,-89.66471862792969,102.85297393798828,metric_streamflow.csv
2018000,-0.0317274332046508,-0.242729726744215,2.204747676849365,0.3039887249469757,-90.70319366455078,104.15860748291016,metric_streamflow.csv
2027000,-0.040802001953125,-0.2260230032589383,2.970829725265503,0.2826709747314453,-88.27074432373047,59.945350646972656,metric_streamflow.csv
2027500,-0.031962513923645,-0.2685238895489421,3.93919038772583,0.2373843938112259,-89.75227355957031,114.4112548828125,metric_streamflow.csv
2028500,-0.0548384189605712,-0.2691978145076439,2.8423283100128174,0.2464359998703003,-89.55403900146484,53.93087387084961,metric_streamflow.csv
2038850,-0.0527585744857788,-0.346286580727595,2.3325648307800293,0.2172834873199463,-92.17974090576172,-27.42578125,metric_streamflow.csv
2046000,0.0161103010177612,-0.2035304884887425,1.707196593284607,0.317244678735733,-89.52388763427734,267.1610412597656,metric_streamflow.csv
2051500,0.0056579709053039,-0.2161781666005424,1.7368805408477783,0.2946045398712158,-90.53495025634766,91.5431137084961,metric_streamflow.csv
2053200,-0.007176399230957,-0.2824015211302297,2.224641799926758,0.2158915698528289,-87.2883529663086,351.3636169433594,metric_streamflow.csv
2053800,-0.0559253692626953,-0.2525048206742866,1.8156555891036987,0.3181976079940796,-91.75027465820312,46.11334228515625,metric_streamflow.csv
2055100,-0.0235549211502075,-0.2489024106113002,1.886634349822998,0.2577890753746032,-90.16331481933594,56.835227966308594,metric_streamflow.csv
2056900,-0.0411058664321899,-0.2484713210835543,1.814169645309448,0.2571503818035126,-89.7739028930664,25.45392799377441,metric_streamflow.csv
2059500,-0.0475643873214721,-0.300273846970591,1.907905459403992,0.2388190180063247,-92.01729583740234,8.637516021728516,metric_streamflow.csv
2064000,-0.0326167345046997,-0.3653551006331594,2.859636068344116,0.1817795783281326,-92.67617797851562,-11.752368927001951,metric_streamflow.csv
2065500,-0.0337687730789184,-0.2854454333985925,2.126892328262329,0.2315401583909988,-90.86555480957033,-1.968859314918518,metric_streamflow.csv
2069700,-0.1353882551193237,-0.2014134781903132,1.5867986679077148,0.3419353365898132,-87.05132293701172,15.45986270904541,metric_streamflow.csv
2070000,-0.0660077333450317,-0.2326585209278595,1.7327231168746948,0.2867127060890198,-89.64913177490234,6.4436540603637695,metric_streamflow.csv
2074500,-0.0175874233245849,-0.3050841020413615,2.576658248901367,0.2191488295793533,-93.34870910644533,15.075300216674805,metric_streamflow.csv
2077200,-0.0147252082824707,-0.4434751205873217,4.1901702880859375,0.1560924649238586,-94.7142562866211,111.16429901123048,metric_streamflow.csv
2081500,-0.0171321630477905,-0.3807193513403544,3.000181198120117,0.2585154771804809,-94.85237121582033,201.93800354003903,metric_streamflow.csv
2082950,-0.0026897192001342,-0.325249281720835,2.7331371307373047,0.1851775497198104,-91.78369140625,133.81564331054688,metric_streamflow.csv
2092500,-0.0312663316726684,-0.3285793238352288,2.418221950531006,0.2067257314920425,-91.27118682861328,308.6643981933594,metric_streamflow.csv
2096846,-0.0304734706878662,-0.434692388568725,2.9526801109313965,0.2421524226665496,-95.72134399414062,99.59822082519533,metric_streamflow.csv
2102908,-0.1424626111984253,-0.1138938005113379,1.2734214067459106,0.3237492144107818,-79.7420425415039,-14.537029266357422,metric_streamflow.csv
2108000,-0.0304199457168579,-0.2742802801181312,2.261706590652466,0.191733717918396,-88.45458984375,170.9052734375,metric_streamflow.csv
2111180,-0.0634075403213501,-0.3041385226080302,3.4627997875213623,0.2398779392242431,-91.78176879882812,23.333740234375,metric_streamflow.csv
2111500,-0.0977747440338134,-0.263970907607731,1.9982361793518064,0.2576621174812317,-88.56828308105469,6.284778594970703,metric_streamflow.csv
2112120,-0.12703537940979,-0.2778492486910657,2.035628080368042,0.2513242661952972,-89.19829559326172,-4.030219078063965,metric_streamflow.csv
2112360,-0.1599202156066894,-0.2069925960138388,1.5276875495910645,0.3037183880805969,-85.07182312011719,2.514934062957764,metric_streamflow.csv
2118500,-0.0782220363616943,-0.2812076650796999,2.0400383472442627,0.2405546009540558,-90.99618530273438,9.047091484069824,metric_streamflow.csv
2125000,-0.0412193536758422,-0.4590319074244287,3.753930330276489,0.2310754060745239,-96.00689697265624,84.48343658447266,metric_streamflow.csv
2128000,-0.0260272026062011,-0.3934080125729844,3.50482177734375,0.2234334498643875,-95.1104965209961,24.597326278686523,metric_streamflow.csv
2137727,-0.0689764022827148,-0.2299796769169348,2.6212377548217773,0.3010871410369873,-88.93206787109375,24.850595474243164,metric_streamflow.csv
2140991,-0.0337932109832763,-0.2457358947960835,2.8868699073791504,0.2614169418811798,-89.46321868896484,35.85503005981445,metric_streamflow.csv
2143000,-0.0852105617523193,-0.265519708638428,2.45271110534668,0.2678580582141876,-90.45803833007812,-7.077683448791504,metric_streamflow.csv
2143040,-0.082389235496521,-0.2345022676105237,2.7802927494049072,0.3080720603466034,-89.28970336914062,3.5022425651550293,metric_streamflow.csv
2149000,-0.1543551683425903,-0.2218996162859563,1.994926929473877,0.334928035736084,-88.34303283691406,-0.6584640741348267,metric_streamflow.csv
2152100,-0.0848762989044189,-0.2408852233584184,2.0521702766418457,0.308959424495697,-89.78486633300781,-1.038925051689148,metric_streamflow.csv
2177000,-0.129095196723938,-0.0926259960139981,2.6951122283935547,0.4056065082550049,-79.1488265991211,20.145183563232425,metric_streamflow.csv
2178400,-0.0558352470397949,-0.1028694127186438,2.894670963287353,0.3655455708503723,-80.93215942382812,27.95593643188477,metric_streamflow.csv
2193340,-0.0424760580062866,-0.4188313721680228,2.7110629081726074,0.2609395384788513,-96.27552795410156,-33.69955062866211,metric_streamflow.csv
2196000,-0.0745090246200561,-0.4350933276085911,2.2260284423828125,0.3567624688148498,-97.63568115234376,21.596769332885746,metric_streamflow.csv
2198100,-0.04624605178833,-0.4058046731768177,3.197321891784668,0.2955434024333954,-96.61626434326172,32.84910202026367,metric_streamflow.csv
2202600,-0.1233336925506591,-0.4746535817514059,2.359788656234741,0.2736565172672272,-96.25635528564452,323.9974365234375,metric_streamflow.csv
2212600,-0.04358971118927,-0.4364028431293998,2.912492036819458,0.2695516943931579,-95.90363311767578,-34.95463562011719,metric_streamflow.csv
2215100,-0.0681749582290649,-0.3097809513659608,2.2439229488372803,0.3464838862419128,-92.54650115966795,21.30643653869629,metric_streamflow.csv
2216180,-0.1175109148025512,-0.4811786099070705,2.989284038543701,0.3231872916221618,-96.33934020996094,2868.503662109375,metric_streamflow.csv
2221525,-0.059441328048706,-0.2963355653507868,1.9256105422973635,0.3413842320442199,-92.87715911865234,-13.4976167678833,metric_streamflow.csv
2231000,-0.1087892055511474,-0.3933695507354404,1.7011315822601318,0.2625731825828552,-95.10240173339844,146.46304321289062,metric_streamflow.csv
2245500,-0.0273032188415527,-0.2606874945427095,2.0758872032165527,0.3809938430786133,-92.36505126953124,28.26082992553711,metric_streamflow.csv
2246000,-0.015384554862976,-0.2710496926909109,2.525642156600952,0.3616905212402344,-93.03645324707033,63.30392456054688,metric_streamflow.csv
2296500,-0.0204253196716308,-0.2386182944969046,1.3402429819107056,0.3160769343376159,-88.35330963134766,230.1390380859375,metric_streamflow.csv
2297155,0.0180984735488891,-0.2555766262709853,2.1680870056152344,0.3692911267280578,-90.84590911865234,215.46878051757807,metric_streamflow.csv
2297310,0.0312817692756652,-0.1916530978213513,2.0614030361175537,0.3810259103775024,-88.63353729248047,221.7550048828125,metric_streamflow.csv
2298123,0.1445680260658264,0.0427323701435995,1.528112530708313,0.5262789726257324,-78.67562103271484,81.93592071533203,metric_streamflow.csv
2298608,0.0338343977928161,-0.1946104116687137,3.2405755519866943,0.4090523719787597,-88.00379180908203,71.48284912109375,metric_streamflow.csv
2299950,0.0512056350708007,-0.1721850815917616,3.050605297088623,0.3908092379570007,-88.55823516845703,136.7490234375,metric_streamflow.csv
2300700,0.015364646911621,-0.2348374673610271,4.261310577392578,0.3968255519866943,-92.7611083984375,25.125205993652344,metric_streamflow.csv
2342933,-0.0253911018371582,-0.4508590830287442,4.429847717285156,0.2134687602519989,-96.40697479248048,104.98993682861328,metric_streamflow.csv
2349900,-0.0534784793853759,-0.3604905205854025,2.584275484085083,0.3069244027137756,-94.73314666748048,45.341556549072266,metric_streamflow.csv
2350900,-0.0477133989334106,-0.1869918899697116,1.6259684562683103,0.3188761174678802,-84.91822814941406,11.026829719543455,metric_streamflow.csv
2361000,-0.0325921773910522,-0.3084186121097516,3.169428825378418,0.2354592978954315,-90.24077606201172,13.028912544250488,metric_streamflow.csv
2363000,-0.0386524200439453,-0.2836065047519109,2.6605677604675293,0.2957179546356201,-89.20256042480469,61.34916687011719,metric_streamflow.csv
2369800,-0.0243116617202758,-0.3611434813548779,5.018692970275879,0.1775799095630645,-93.1273193359375,15.90281581878662,metric_streamflow.csv
2371500,-0.0458908081054687,-0.22942736267787,2.300433874130249,0.3442138433456421,-88.3744125366211,64.38719177246094,metric_streamflow.csv
2372250,-0.0216419696807861,-0.2590091046698608,2.841330051422119,0.2554118633270263,-87.75983428955078,38.62884140014648,metric_streamflow.csv
2374500,0.0159896612167358,-0.1228662003778844,2.0252773761749268,0.3080723583698272,-82.13542938232422,14.64821720123291,metric_streamflow.csv
2381600,-0.0901674032211303,-0.2884093388031881,7.235588073730469,0.277263194322586,-91.32380676269533,-7.640017032623291,metric_streamflow.csv
2384540,-0.0328974723815918,-0.2456023989170968,4.5670166015625,0.3043481707572937,-89.89653015136719,49.57555389404297,metric_streamflow.csv
2395120,-0.0269438028335571,-0.2725976841896644,3.043459415435791,0.280236542224884,-92.5982666015625,19.912057876586918,metric_streamflow.csv
2415000,-0.0255094766616821,-0.2378912778534259,3.2007298469543457,0.321542888879776,-90.21647644042967,37.333343505859375,metric_streamflow.csv
2427250,-0.0238730907440185,-0.3037522447069445,3.4623093605041504,0.3198726177215576,-93.58879852294922,42.366493225097656,metric_streamflow.csv
2430085,-0.0117455720901489,-0.2460863233468631,3.95871901512146,0.2598137855529785,-90.28064727783205,32.23611831665039,metric_streamflow.csv
2450250,0.0045024752616882,-0.2761261298360833,4.986123085021973,0.2610873579978943,-90.8796157836914,130.03810119628906,metric_streamflow.csv
2464000,0.0102649331092834,-0.2004116349879945,3.345264673233032,0.3294594287872314,-87.54901885986328,85.02767944335938,metric_streamflow.csv
2464360,0.0286539793014526,-0.1229721500683149,2.46787428855896,0.3268173336982727,-85.48572540283203,11.058704376220703,metric_streamflow.csv
2465493,0.026400864124298,-0.1490576644027379,1.990491271018982,0.3087029755115509,-85.39322662353516,24.390703201293945,metric_streamflow.csv
2469800,-0.0198307037353515,-0.2667039351947384,3.196822166442871,0.3324822783470154,-91.43645477294922,90.7720947265625,metric_streamflow.csv
2472000,-0.0257874727249145,-0.2648719779995496,3.1397805213928223,0.3042976558208465,-90.47113800048828,36.3018913269043,metric_streamflow.csv
2472500,-0.0170525312423706,-0.2517623675306673,2.8591244220733643,0.2568227350711822,-90.38025665283205,2.726969957351685,metric_streamflow.csv
2479155,-0.0071625709533691,-0.2887301288304795,4.313747882843018,0.2703762948513031,-92.2256317138672,62.307010650634766,metric_streamflow.csv
2479300,-0.0252649784088134,-0.1785647852941276,2.9555776119232178,0.3395310342311859,-86.02162170410156,52.83964157104492,metric_streamflow.csv
2479560,-0.0384961366653442,-0.1869217155668854,3.059685230255127,0.345717579126358,-86.75928497314453,50.72906112670898,metric_streamflow.csv
2481000,-0.0170295238494873,-0.2887599213384573,5.021512031555176,0.3131095170974731,-91.93209075927734,164.52755737304688,metric_streamflow.csv
2481510,-0.0176030397415161,-0.217119703426839,3.524200916290283,0.3485880494117737,-89.58903503417969,76.4156723022461,metric_streamflow.csv
3010655,-0.0003677606582641,-0.170084900515923,2.2805285453796387,0.2392719388008117,-85.68255615234375,199.9111328125,metric_streamflow.csv
3011800,0.014233648777008,-0.0952797347533485,2.4159932136535645,0.2538503408432007,-80.3101806640625,117.90568542480467,metric_streamflow.csv
3015500,0.0188407301902771,-0.0988970073458781,2.750958204269409,0.2733540832996368,-82.05419158935547,110.70081329345705,metric_streamflow.csv
3021350,0.0129857063293457,-0.1339312244849038,3.6462724208831783,0.2553866505622864,-83.99656677246094,109.16773223876952,metric_streamflow.csv
3026500,-0.0113146305084228,-0.1496196614270268,2.417587995529175,0.2435548156499862,-83.55902099609375,131.1100616455078,metric_streamflow.csv
3028000,0.0008898973464965,-0.127395458408438,2.595303058624268,0.2369366735219955,-81.5535659790039,107.7339324951172,metric_streamflow.csv
3049000,0.0282588601112365,-0.1027912619084492,1.842429757118225,0.2946870923042297,-82.43809509277344,135.70176696777344,metric_streamflow.csv
3049800,0.0058622360229492,-0.1852585489708917,1.728078842163086,0.2603752017021179,-86.57688903808594,238.2716217041016,metric_streamflow.csv
3050000,0.0081945061683654,-0.1773976176777554,3.370866537094116,0.3080230355262756,-87.22008514404297,307.3588256835937,metric_streamflow.csv
3069500,0.0296449661254882,-0.1280350494563564,3.69856071472168,0.3577639460563659,-86.49349975585938,223.40040588378903,metric_streamflow.csv
3070500,0.0462336540222168,-0.0570589234804914,2.7797138690948486,0.3692870140075683,-80.82832336425781,189.28482055664065,metric_streamflow.csv
3076600,0.0169041156768798,-0.1047342754731206,2.531752109527588,0.3413452506065368,-81.79113006591797,145.25946044921875,metric_streamflow.csv
3078000,0.0158633589744567,-0.0998193155200999,2.709270477294922,0.3182260394096374,-81.54794311523438,147.5025634765625,metric_streamflow.csv
3140000,0.0253323316574096,-0.1730135963596974,1.6655625104904177,0.2881380915641784,-88.6094970703125,353.1073608398437,metric_streamflow.csv
3144000,-0.0064831972122192,-0.2779037149133532,2.500005960464477,0.1676719486713409,-90.29916381835938,159.0083770751953,metric_streamflow.csv
3170000,-0.0397454500198364,-0.1524399350533085,1.2502835988998413,0.3539466857910156,-85.44300079345703,35.67439270019531,metric_streamflow.csv
3173000,-0.0188549757003784,-0.2125337659107258,1.947051167488098,0.3535403609275818,-90.79264068603516,135.79620361328125,metric_streamflow.csv
3180500,0.0343138575553894,-0.1395229820023713,3.4367165565490723,0.3203553557395935,-86.61920928955078,337.2276611328125,metric_streamflow.csv
3182500,0.0215111970901489,-0.1633823892820443,3.0119221210479736,0.3237919509410858,-88.07850646972656,259.0344543457031,metric_streamflow.csv
3186500,0.0400444865226745,-0.0914645828043239,3.655438661575317,0.3579229712486267,-83.79214477539062,258.6305847167969,metric_streamflow.csv
3237280,-0.0189976692199707,-0.3191131706372709,2.6951069831848145,0.199592724442482,-89.76722717285156,470.8109436035156,metric_streamflow.csv
3237500,-0.0195246934890747,-0.3631073900610382,3.616720676422119,0.1886038780212402,-92.24771118164062,313.6813049316406,metric_streamflow.csv
3238500,-0.057562232017517,-0.5055510325206625,4.11719274520874,0.1571146547794342,-97.79492950439452,684.7068481445312,metric_streamflow.csv
3241500,0.0232130885124206,-0.1652290489877936,1.6800144910812378,0.2475771009922027,-86.71125793457031,220.983642578125,metric_streamflow.csv
3280700,-0.0407657623291015,-0.3122126564578893,3.204550504684448,0.2875601649284363,-92.78235626220705,108.92733001708984,metric_streamflow.csv
3281500,-0.0250684022903442,-0.2402337801154537,2.932889699935913,0.3336798548698425,-90.03837585449219,107.0830078125,metric_streamflow.csv
3285000,-0.0227876901626586,-0.3394964085359648,4.091591835021973,0.2427970916032791,-92.48284912109376,176.84181213378906,metric_streamflow.csv
3291780,-0.0172935724258422,-0.360762158653499,4.402069091796875,0.1596362590789795,-92.90898895263672,719.5706787109375,metric_streamflow.csv
3338780,-0.0295209884643554,-0.3101303933009096,2.7665112018585205,0.2666442990303039,-93.95734405517578,369.3048400878906,metric_streamflow.csv
3340800,0.0038111209869384,-0.2912548469420162,2.794108390808105,0.1942858695983886,-91.71321105957033,340.71923828125,metric_streamflow.csv
3346000,-0.0433140993118286,-0.4204012313775742,2.983052492141724,0.2904447913169861,-96.81055450439452,294.324951171875,metric_streamflow.csv
3364500,-0.0061874389648437,-0.2854813468546755,2.7813479900360107,0.1955867111682891,-90.60970306396484,327.341064453125,metric_streamflow.csv
3366500,-0.0109330415725708,-0.322048644380976,3.650182723999024,0.1687100827693939,-91.45530700683594,355.7165832519531,metric_streamflow.csv
3368000,-0.0267066955566406,-0.4541678793987052,4.965186595916748,0.1215183660387992,-95.2243423461914,322.6521301269531,metric_streamflow.csv
3384450,-0.0184298753738403,-0.3537331403850405,3.8590476512908936,0.1466569900512695,-90.61592864990234,571.4276123046875,metric_streamflow.csv
3439000,-0.0662928819656372,-0.1324005566659576,3.4112908840179443,0.3315354287624359,-82.38360595703125,22.30643653869629,metric_streamflow.csv
3455500,-0.0146774053573608,-0.155233074929169,4.717085361480713,0.3228718340396881,-87.13714599609375,47.64833450317383,metric_streamflow.csv
3456500,-0.0261334180831909,-0.1644743598586757,3.658642053604126,0.2976812720298767,-85.84801483154297,41.5046272277832,metric_streamflow.csv
3460000,-0.0311193466186523,-0.1361328673481863,2.6052987575531006,0.3798513412475586,-84.74160766601562,57.04899978637695,metric_streamflow.csv
3463300,-0.0150989294052124,-0.1946991011077867,4.932422161102295,0.323280930519104,-88.82998657226562,70.4814453125,metric_streamflow.csv
3471500,-0.0103607177734375,-0.1633245737400546,2.0010361671447754,0.3775755763053894,-88.210205078125,101.8183364868164,metric_streamflow.csv
3473000,-0.006324291229248,-0.1133078133034382,1.895512104034424,0.434534341096878,-86.17333221435547,95.02786254882812,metric_streamflow.csv
3479000,-0.0187718868255615,-0.261432311877934,3.8316550254821777,0.2516234219074249,-91.1819839477539,66.18732452392578,metric_streamflow.csv
3488000,-0.0177448987960815,-0.1809296035835375,2.114811420440674,0.3755043745040893,-89.6347885131836,131.70645141601562,metric_streamflow.csv
3498500,-0.0014364719390869,-0.1680583970588531,3.0971179008483887,0.3532801270484924,-88.59390258789062,65.78675842285156,metric_streamflow.csv
3500000,-0.0817910432815551,-0.0861038334306825,2.461812734603882,0.3945320844650268,-80.0909652709961,22.7649040222168,metric_streamflow.csv
